<?xml version="1.0" encoding="UTF-8" standalone="yes"?>
<addon id="plugin.program.wtvwizard" name="WTV Wizard" version="1.0" provider-name="WillieTV">
  <requires>
    <import addon="xbmc.python" version="2.1.0"/>
  </requires>
  <extension point="xbmc.python.pluginsource" library="default.py">
        <provides>program executable</provides>
  </extension>
  <extension point="xbmc.addon.metadata">
		<summary lang="en"> WTV Wizard</summary>
		<description lang="en">Easy Install of WTV Build and Addons</description>
		<disclaimer lang="en">Note: we are not responsible or have any influence to the content and their availability from Kodi Add-ons</disclaimer>
		<platform>all</platform>
		<facebook>https://www.facebook.com/Dragon-Box-Kentucky-614468748733303</facebook>
		<website>http://www.Dragonboxky.com</website>
	</extension>
</addon>
